5.631500e+00,2.777250e+01,4.406350e+01,3.896521e+00
4.948000e+00,3.679900e+01,4.890700e+01,4.008865e+00
1.465400e+01,3.820350e+01,6.415450e+01,-6.168782e-01
2.885000e+00,3.568950e+01,5.269900e+01,3.889679e+00
6.619500e+00,3.113450e+01,6.907000e+01,3.349862e+00
8.394000e+00,2.768600e+01,7.189700e+01,1.784044e+01
1.331900e+01,3.224700e+01,7.104300e+01,-2.763145e+00
-7.445000e-01,1.959950e+01,4.693250e+01,5.224655e+00
6.783000e+00,2.992800e+01,6.978400e+01,5.788063e+00
4.452500e+00,3.913000e+01,5.390250e+01,3.705293e-02
8.982000e+00,4.318100e+01,5.644000e+01,-3.468682e+00
7.168000e+00,2.828800e+01,6.885350e+01,8.606558e+00
9.826000e+00,4.257700e+01,5.682750e+01,-1.150352e+00
4.662500e+00,3.710300e+01,4.691900e+01,2.345616e+00
1.027200e+01,2.373400e+01,5.908800e+01,-1.821175e+00
6.910000e-01,3.504550e+01,5.085700e+01,1.727579e-01
1.041200e+01,3.824100e+01,6.689100e+01,-1.929491e-01
1.176600e+01,2.848400e+01,7.076400e+01,9.914628e+00
8.103500e+00,2.709100e+01,7.114150e+01,2.660745e+01
1.126550e+01,3.461875e+01,5.887475e+01,-9.024360e+00
1.067725e+01,3.358275e+01,6.246875e+01,-3.091319e+00
1.513800e+01,4.390375e+01,6.229500e+01,1.818612e+00
1.301600e+01,3.537750e+01,7.043250e+01,7.558509e+00
1.725000e-02,2.033075e+01,5.105625e+01,-2.396400e+00
9.426500e+00,3.126275e+01,7.150750e+01,1.202068e+01
3.805500e+00,3.105850e+01,4.362950e+01,6.153249e+00
9.783000e+00,2.586775e+01,5.982975e+01,-1.054605e+01
1.030500e+01,2.857650e+01,5.521850e+01,-6.049579e+00
1.523400e+01,3.530200e+01,6.961200e+01,4.861427e+00
1.170900e+01,3.566350e+01,6.232625e+01,-1.124665e+01
8.812750e+00,2.925850e+01,6.579775e+01,4.559172e+00
1.087350e+01,2.587750e+01,6.552650e+01,4.511070e+00
8.243000e+00,2.989675e+01,5.013050e+01,-2.221964e+01
6.508500e+00,2.567975e+01,5.342575e+01,2.961125e+00
9.205500e+00,2.834650e+01,7.185550e+01,2.244820e+01
8.554750e+00,3.057175e+01,6.108275e+01,-5.938340e+00
-1.305750e+00,1.766500e+01,5.194900e+01,7.972103e+00
1.025650e+01,2.935850e+01,5.459500e+01,-3.542896e+00
1.129000e+00,2.648900e+01,5.134500e+01,-1.352991e+00
4.655250e+00,4.011150e+01,5.145650e+01,1.364520e+01
7.096000e+00,2.884500e+01,6.990000e+01,1.669843e+01
5.426750e+00,2.587025e+01,5.318550e+01,-1.327587e-01
8.392750e+00,4.201800e+01,5.305150e+01,2.569173e+00
1.199650e+01,4.548900e+01,6.195750e+01,6.643519e-01
5.457500e+00,3.650425e+01,6.023550e+01,-3.358491e+00
9.797250e+00,2.482675e+01,6.585550e+01,3.162643e+00
8.229000e+00,3.695275e+01,5.994450e+01,-7.116101e+00
7.003500e+00,3.419150e+01,7.175400e+01,-9.327665e+00
1.485550e+01,3.636800e+01,6.788850e+01,8.710112e+00
-3.249500e+00,2.791800e+01,4.636350e+01,4.862298e+00
5.240125e+00,2.363812e+01,5.801062e+01,1.321428e+00
1.320075e+01,3.704150e+01,6.306675e+01,-6.608567e+00
1.048500e+00,2.550400e+01,5.166250e+01,-8.379341e+00
8.074000e+00,1.920450e+01,5.797450e+01,-8.487775e+00
4.867500e+00,2.471450e+01,5.790900e+01,-4.130259e+00
6.171875e+00,2.141463e+01,5.642737e+01,3.898083e+00
8.848000e+00,4.163650e+01,6.016350e+01,-7.049104e-01
6.886875e+00,3.016887e+01,6.747012e+01,3.614216e+00
7.449000e+00,3.226450e+01,6.696150e+01,-9.720360e-02
1.230750e+01,3.785350e+01,6.829050e+01,2.637614e+00
7.417500e+00,2.806175e+01,7.167350e+01,1.028259e+01
9.408000e+00,2.649100e+01,6.284750e+01,1.272525e+00
1.366700e+01,3.807250e+01,6.100550e+01,-8.039903e+00
1.599175e+01,3.703125e+01,6.648850e+01,6.219328e+00
8.174500e+00,3.517950e+01,6.554950e+01,-4.196647e+00
1.479800e+01,4.196925e+01,5.589000e+01,1.741813e+00
4.352250e+00,2.563750e+01,5.702850e+01,-9.455596e+00
1.062850e+01,3.411425e+01,6.336150e+01,-1.591516e-01
8.881000e+00,3.078825e+01,5.037750e+01,-1.909782e+01
8.024000e+00,4.329950e+01,5.861100e+01,-1.169685e+01
7.491500e+00,3.372800e+01,6.642800e+01,-5.425938e+00
4.431250e+00,3.883525e+01,6.154875e+01,2.508822e-01
8.930750e+00,2.884375e+01,6.048425e+01,-8.998930e+00
-5.428250e+00,2.857125e+01,5.037750e+01,1.013722e+01
-2.094000e+00,2.843975e+01,4.772425e+01,1.519239e+01
1.570950e+01,2.915400e+01,5.316625e+01,-1.244689e+01
-3.634250e+00,2.345950e+01,4.923600e+01,1.782406e+00
-3.707750e+00,2.329350e+01,4.822475e+01,1.359808e+00
5.263750e+00,4.057175e+01,5.767950e+01,-1.513831e+00
-1.258500e+00,2.377050e+01,4.602250e+01,5.062185e+00
7.836000e+00,3.632525e+01,6.606325e+01,-8.112859e+00
9.325000e-01,2.029525e+01,5.612250e+01,8.150916e+00
-2.631000e+00,3.024500e+01,5.074900e+01,2.216027e+01
1.866950e+01,3.871975e+01,6.449700e+01,-3.297091e+00
1.000000e-03,3.252275e+01,5.332950e+01,5.211604e+00
1.541375e+01,4.269850e+01,5.887550e+01,3.988648e+00
1.713950e+01,4.026550e+01,6.410975e+01,1.156996e+00
7.085500e+00,4.317400e+01,5.811075e+01,-9.891957e+00
5.427500e-01,3.450025e+01,5.307775e+01,5.817348e+00
4.919000e+00,1.976500e+01,5.532350e+01,-2.318746e-01
4.958000e+00,3.683975e+01,5.459450e+01,-1.040493e+01
-4.178000e+00,2.719950e+01,5.113250e+01,4.420098e+00
1.205225e+01,3.988350e+01,6.099750e+01,3.062924e+00
7.119500e+00,4.286625e+01,5.912675e+01,-1.329684e+01
-8.602500e-01,1.848475e+01,5.393450e+01,2.163789e-01
6.238500e+00,2.652125e+01,5.695100e+01,-1.001705e+01
-1.807500e-01,1.925925e+01,5.106050e+01,9.938789e+00
1.273000e+01,2.883750e+01,6.987350e+01,8.976818e+00
3.990000e-01,2.033400e+01,5.315625e+01,8.534683e+00
4.781500e+00,3.874600e+01,4.960500e+01,1.308614e+01
1.212650e+01,3.749700e+01,6.380350e+01,-1.327721e+00
8.834250e+00,3.057925e+01,5.136800e+01,-1.745005e+01
7.377500e+00,3.324025e+01,6.760000e+01,-1.683050e+00
-3.359500e+00,2.247500e+01,4.946100e+01,-7.347213e+00
-2.623250e+00,2.107250e+01,4.814050e+01,-5.564218e+00
6.150000e+00,3.082225e+01,5.460400e+01,-6.880005e+00
-2.002500e+00,2.749050e+01,4.742200e+01,9.719722e+00
1.470000e-01,3.401650e+01,5.039650e+01,1.940442e+00
1.167500e+00,1.847175e+01,5.606900e+01,1.093894e+01
1.251575e+01,3.897150e+01,6.787875e+01,1.640915e+00
1.072250e+01,4.228975e+01,5.914075e+01,4.946372e+00
6.009500e+00,2.365850e+01,6.315950e+01,1.560935e+00
-1.615000e-01,3.369650e+01,5.302950e+01,6.330101e+00
5.309500e+00,2.243100e+01,6.304850e+01,-6.624211e+00
1.217500e-01,2.335675e+01,4.406875e+01,6.535993e+00
5.016750e+00,4.227900e+01,5.597450e+01,-1.584216e+00
3.735250e+00,3.669675e+01,5.122600e+01,3.906197e+00
1.301750e+01,3.318100e+01,7.147025e+01,-2.249204e+00
1.214600e+01,3.023975e+01,5.314950e+01,-2.414613e+01
1.755550e+01,3.682400e+01,6.731550e+01,1.739073e-01
6.857250e+00,2.556575e+01,5.771175e+01,-8.040789e+00
1.144775e+01,4.380825e+01,6.373025e+01,4.977733e-01
-3.765000e+00,2.483900e+01,4.957750e+01,3.650161e+00
6.029250e+00,1.719425e+01,5.522825e+01,1.958182e+00
3.423000e+00,3.015550e+01,4.705250e+01,-4.573345e-01
1.383800e+01,4.219400e+01,5.503500e+01,-2.269880e-01
9.950000e-01,2.376850e+01,5.285800e+01,1.207975e+01
5.744500e+00,2.040750e+01,5.550675e+01,7.520777e-01
1.194500e+01,3.960550e+01,6.676175e+01,5.589173e-01
8.536250e+00,2.092475e+01,5.782075e+01,4.754390e-01
8.264500e+00,2.016425e+01,5.722675e+01,-1.360961e+00
1.667650e+01,4.213200e+01,5.852525e+01,1.401922e+00
1.341900e+01,3.861625e+01,6.823250e+01,2.483040e+00
-4.116000e+00,2.583850e+01,4.971450e+01,7.170096e+00
-3.790000e-01,2.219800e+01,5.375000e+01,8.982046e+00
1.578400e+01,4.244250e+01,6.338350e+01,1.379832e+00
5.135000e-01,3.219950e+01,4.947250e+01,8.588588e+00
7.635500e+00,3.141900e+01,6.600050e+01,-2.015741e+00
9.525500e+00,2.771400e+01,6.059950e+01,-6.798797e+00
1.636300e+01,4.284750e+01,5.950375e+01,2.948617e+00
1.805500e+00,1.667150e+01,5.430100e+01,2.917917e+00
1.487500e+00,2.376250e+01,4.331875e+01,6.655173e+00
9.453500e+00,3.758100e+01,6.692800e+01,-1.680897e+00
5.622500e+00,2.288050e+01,6.214750e+01,-8.118420e+00
9.766000e+00,4.369600e+01,5.591750e+01,-1.150419e+01
8.231500e+00,4.370150e+01,5.575675e+01,-1.921376e+00
6.873000e+00,2.898900e+01,6.196350e+01,3.736123e+00
-1.556000e+00,1.838900e+01,4.901900e+01,4.126817e+00
2.720750e+00,3.573325e+01,4.709900e+01,7.291687e+00
4.128000e+00,1.914725e+01,5.536350e+01,6.018885e+00
1.604400e+01,4.333100e+01,6.259200e+01,1.819431e+00
8.182000e+00,3.724225e+01,6.543750e+01,-1.410772e+01
5.904500e+00,3.454050e+01,7.164650e+01,-1.210383e+01
-2.319000e+00,2.206500e+01,5.016100e+01,-5.231279e+00
3.332000e+00,3.627250e+01,5.035125e+01,6.853104e+00
-1.638000e+00,2.088400e+01,4.723375e+01,2.028701e+00
1.390000e+00,3.035300e+01,5.179800e+01,-1.361380e+01
1.401675e+01,3.554975e+01,7.028675e+01,7.751724e+00
5.300000e-01,1.921550e+01,5.586750e+01,7.527117e+00
1.189000e+00,2.235100e+01,5.551650e+01,6.345801e-01
5.477500e+00,2.104850e+01,6.310650e+01,-9.853293e+00
1.183500e+00,2.605600e+01,4.634500e+01,1.136084e+01
1.091800e+01,3.956300e+01,6.096400e+01,1.153661e+00
1.220275e+01,3.550150e+01,7.103425e+01,4.001514e+00
-9.617500e-01,1.887750e+01,4.796675e+01,7.756683e+00
-2.025000e+00,2.110475e+01,4.963200e+01,-3.615912e+00
8.132750e+00,3.066075e+01,7.174600e+01,4.072196e+00
7.127750e+00,3.026775e+01,5.448825e+01,-1.903838e+01
1.384650e+01,4.440950e+01,5.971250e+01,1.454278e+00
9.083750e+00,3.217125e+01,5.710025e+01,-7.225427e-01
9.596250e+00,2.945850e+01,5.558750e+01,-2.651965e-01
3.574000e+00,3.333700e+01,4.428850e+01,3.428010e+00
7.078500e+00,2.410400e+01,6.813750e+01,2.417954e+00
1.121375e+01,4.412625e+01,6.272575e+01,4.600066e-01
8.234750e+00,4.228025e+01,5.963125e+01,-9.047549e+00
5.785500e+00,3.608725e+01,5.924200e+01,-3.297108e+00
-1.942500e-01,2.367325e+01,4.531125e+01,6.169586e+00
1.336950e+01,3.521850e+01,7.152300e+01,6.828178e+00
-2.979000e+00,2.150425e+01,4.945550e+01,-7.736736e+00
8.071000e+00,2.947950e+01,6.088900e+01,-6.275600e+00
8.392000e+00,2.672925e+01,6.250775e+01,3.113488e-01
-1.380750e+00,1.754050e+01,5.364600e+01,3.441765e+00
6.546875e+00,3.996388e+01,6.139000e+01,-7.162543e-01
1.082638e+01,2.924312e+01,4.899350e+01,-2.819304e+01
1.510125e+00,2.801744e+01,4.690444e+01,5.199065e+00
7.153125e+00,3.109650e+01,6.720800e+01,3.155715e+00
1.061500e+01,3.298650e+01,6.152850e+01,-6.558676e+00
9.708125e+00,2.963200e+01,5.709713e+01,-3.721057e-03
1.988250e+00,3.425113e+01,4.711737e+01,6.863031e+00
9.010500e+00,2.452850e+01,6.021250e+01,-1.044469e+00
1.013612e+01,3.658375e+01,7.013875e+01,2.624023e+00
4.480000e-01,3.326800e+01,4.972600e+01,3.163222e+00
5.524375e+00,2.627563e+01,5.217813e+01,-1.196730e-01
1.122381e+01,4.294731e+01,6.245600e+01,6.083679e-01
-8.790000e-01,1.766100e+01,5.466400e+01,9.928408e-01
5.338750e+00,3.784625e+01,4.785825e+01,1.628325e+00
1.394250e+00,2.927050e+01,4.773525e+01,-2.513726e+00
2.081688e+00,2.548387e+01,5.128850e+01,-1.127727e+01
8.928000e+00,2.766400e+01,6.329300e+01,-2.617186e-01
4.682875e+00,2.541388e+01,4.421138e+01,4.798512e+00
1.002575e+01,2.957675e+01,5.827537e+01,-4.220731e+00
2.783250e+00,3.488475e+01,4.617450e+01,7.009990e+00
1.047012e+01,2.460738e+01,5.509212e+01,-5.055802e+00
4.866500e+00,2.557650e+01,5.525850e+01,-2.642869e+00
2.051063e+00,1.783537e+01,5.506050e+01,6.373037e+00
8.152375e+00,2.618437e+01,5.232500e+01,8.544267e-01
8.893750e+00,3.203275e+01,6.192137e+01,-5.176808e+00
1.152688e+01,4.266112e+01,6.398237e+01,3.226527e-01
1.761300e+01,3.761850e+01,6.610800e+01,-1.486150e+01
6.760250e+00,3.154300e+01,5.547550e+01,-1.323154e+01
5.235250e+00,3.611750e+01,5.834150e+01,-1.630030e+00
-5.679000e+00,2.659800e+01,4.861000e+01,4.773870e+00
6.781250e+00,2.545050e+01,5.525312e+01,-1.727625e+00
1.095125e+01,3.091150e+01,5.172312e+01,-1.546729e+01
2.661500e+00,2.649700e+01,4.537650e+01,8.250694e+00
4.109875e+00,2.539000e+01,5.066100e+01,-2.485242e+00
1.328213e+01,3.685950e+01,6.822775e+01,3.899356e+00
6.844750e+00,2.265300e+01,6.555963e+01,7.240796e-01
1.084450e+01,2.796187e+01,5.900000e+01,-1.070458e+01
9.010875e+00,3.365750e+01,7.111487e+01,2.714170e+00
1.339600e+01,2.824550e+01,5.454225e+01,-7.952793e+00
9.159000e+00,2.496725e+01,5.923512e+01,-2.265283e+00
1.116563e+01,3.870262e+01,6.736937e+01,6.678501e-01
5.308000e+00,3.575500e+01,6.913650e+01,-1.159256e+01
7.958500e+00,3.403650e+01,6.544450e+01,-8.319059e+00
4.214500e+00,3.203075e+01,4.579050e+01,1.427013e+00
1.312112e+01,2.693313e+01,5.395712e+01,-8.700449e+00
1.026900e+01,2.704450e+01,5.989900e+01,-7.584255e+00
7.438250e+00,3.360238e+01,5.526813e+01,-1.584347e+00
3.195250e+00,3.419150e+01,4.524500e+01,6.142950e+00
8.922000e+00,1.996975e+01,5.972875e+01,-2.108569e+00
7.935250e+00,3.386500e+01,7.119100e+01,-9.449600e+00
1.513750e+00,2.130375e+01,5.612375e+01,6.382867e+00
2.984625e+00,3.139062e+01,4.729563e+01,1.419155e+00
5.485000e-01,2.391988e+01,5.179825e+01,3.413210e+00
1.877000e+00,3.247575e+01,4.732000e+01,5.727855e+00
1.535862e+01,3.719363e+01,6.731550e+01,8.543271e+00
1.175875e+01,2.755288e+01,5.028875e+01,-1.293204e+01
1.030700e+01,3.041700e+01,7.182550e+01,8.479796e+00
5.970250e+00,4.193150e+01,5.395613e+01,-1.434894e+01
4.746875e+00,3.288550e+01,5.413350e+01,2.303060e+00
4.601500e+00,3.705400e+01,5.352350e+01,-4.474405e+00
5.617125e+00,3.482088e+01,6.895675e+01,-1.961112e+01
1.012150e+01,3.378500e+01,5.843350e+01,-6.465846e+00
1.326300e+01,4.223925e+01,5.771850e+01,4.533719e-01
3.592250e+00,2.713250e+01,4.598575e+01,7.699759e+00
1.269369e+01,2.708406e+01,5.498406e+01,-8.345126e+00
6.741250e+00,2.334550e+01,6.210825e+01,-4.310139e+00
3.666500e+00,3.631775e+01,4.753550e+01,5.293023e+00
7.799500e+00,3.147750e+01,6.278275e+01,-1.195829e+00
9.635750e+00,2.659088e+01,6.071412e+01,-6.812792e+00
9.299000e+00,4.224700e+01,5.945325e+01,-1.416490e+00
4.408750e+00,3.707863e+01,4.995838e+01,4.410482e+00
1.254113e+01,3.574100e+01,5.983513e+01,-5.609159e+00
7.702500e+00,2.768325e+01,6.299525e+01,5.893925e+00
4.556500e+00,3.946400e+01,5.063250e+01,1.446392e+01
9.982250e+00,3.774050e+01,6.788275e+01,1.421977e+00
6.798750e+00,3.312750e+01,6.861888e+01,-3.169010e+00
4.478750e-01,3.106500e+01,5.182075e+01,9.985990e-01
6.328500e+00,4.046300e+01,5.966450e+01,-5.355469e+00
5.141000e+00,3.796513e+01,5.601663e+01,-6.177253e+00
6.792000e+00,2.802000e+01,5.181100e+01,-1.120634e+01
8.087375e+00,2.799812e+01,5.086000e+01,-1.306061e+01
1.592500e+00,2.451600e+01,5.204900e+01,2.504885e+00
1.485738e+01,4.030525e+01,6.245162e+01,-4.607532e-01
4.884125e+00,3.679013e+01,4.789450e+01,3.382301e+00
4.213000e+00,3.015450e+01,5.300550e+01,-5.420642e-01
7.987000e+00,4.250100e+01,5.402450e+01,-1.335573e+00
1.348637e+01,3.926425e+01,6.685625e+01,1.499367e+00
-1.170000e-01,3.053600e+01,4.950825e+01,-6.894220e+00
1.408175e+01,3.573225e+01,6.844475e+01,4.953657e+00
9.337000e+00,3.681525e+01,5.880775e+01,-3.488708e+00
3.214375e+00,3.237613e+01,5.242813e+01,-1.467587e+00
4.277750e+00,3.175225e+01,5.348425e+01,5.297438e+00
4.610500e+00,3.763887e+01,6.097275e+01,-6.382861e-01
8.750000e-03,2.092213e+01,5.392450e+01,4.411046e+00
-1.139875e+00,2.994600e+01,4.889087e+01,1.345417e+01
5.345000e-01,2.296400e+01,5.234100e+01,1.377217e+01
4.221250e-01,1.998850e+01,5.207212e+01,6.121032e+00
5.258250e+00,3.593912e+01,5.496662e+01,-3.854447e+00
2.127000e+00,2.787325e+01,5.152125e+01,-1.988330e+00
9.397500e-01,2.776275e+01,5.148175e+01,2.577995e-01
5.430250e+00,2.634075e+01,4.424550e+01,4.799560e+00
9.539125e+00,2.488850e+01,5.606238e+01,-3.231077e+00
8.384375e+00,3.035175e+01,5.231888e+01,-1.297691e+01
7.134500e+00,3.466650e+01,6.664150e+01,-2.801179e+00
7.098500e+00,3.179550e+01,7.004075e+01,2.771945e+00
1.043450e+01,3.064475e+01,4.949975e+01,-2.475055e+01
9.915500e+00,2.449400e+01,5.398525e+01,-7.688965e+00
-3.708500e+00,2.595675e+01,4.685162e+01,5.003188e+00
8.635875e+00,2.495312e+01,5.534800e+01,-3.508957e+00
7.212250e+00,2.802263e+01,7.066850e+01,2.364610e+01
1.035550e+01,3.673488e+01,5.877625e+01,-2.619759e+00
4.619250e+00,3.943563e+01,6.045788e+01,-3.354151e-01
8.967875e+00,3.710375e+01,6.447650e+01,-1.489245e+01
1.664875e+01,4.241875e+01,6.215212e+01,2.210961e+00
8.075062e+00,2.449350e+01,6.705606e+01,6.560723e+00
-4.308625e+00,2.897812e+01,4.751512e+01,1.430994e+01
1.136525e+01,3.464775e+01,6.241125e+01,-4.606487e+00
1.267750e+01,4.243200e+01,5.504600e+01,-2.157900e+00
3.075000e+00,2.523738e+01,5.070613e+01,-2.394604e+00
1.102575e+01,2.685275e+01,5.878500e+01,-1.392649e+01
6.837000e+00,1.736150e+01,5.629350e+01,1.076930e+00
-1.058250e+00,2.704425e+01,5.034550e+01,4.933838e+00
-1.186500e+00,2.884400e+01,4.813475e+01,9.780625e+00
9.725125e+00,2.252300e+01,6.130362e+01,1.134586e+00
7.783000e+00,3.698850e+01,6.941075e+01,-6.049101e+00
1.903750e+00,3.551450e+01,4.994325e+01,5.902668e+00
1.087700e+01,2.664400e+01,5.779275e+01,-8.610257e+00
9.936000e+00,2.876575e+01,4.907713e+01,-2.335979e+01
1.200950e+01,3.474025e+01,5.968887e+01,-6.673976e+00
8.944000e+00,2.947800e+01,6.468900e+01,2.338762e+00
8.247500e-01,3.557125e+01,5.198200e+01,3.747696e+00
1.009288e+01,2.540537e+01,6.495550e+01,2.327087e+00
7.630000e+00,2.718775e+01,6.967175e+01,2.309160e+01
7.791000e+00,3.018150e+01,6.186750e+01,-3.137361e+00
-2.536250e+00,2.385950e+01,4.991325e+01,3.181484e+00
-4.987500e-02,2.158813e+01,5.050350e+01,2.730678e+00
-1.018375e+00,2.055000e+01,4.639550e+01,4.751918e-01
7.400500e+00,2.507688e+01,5.860663e+01,2.977736e+00
7.570000e+00,4.149800e+01,5.218550e+01,1.577715e+01
8.944000e+00,2.885250e+01,6.375250e+01,1.134342e+00
-2.897500e+00,2.918550e+01,4.711950e+01,9.243698e+00
2.933000e+00,2.448937e+01,5.155263e+01,6.361265e+00
2.481063e+00,2.033194e+01,5.578819e+01,6.769036e+00
9.859250e+00,2.615850e+01,6.403200e+01,2.611412e+00
1.019275e+01,3.733450e+01,6.419675e+01,-3.482982e+00
1.284700e+01,3.676700e+01,6.075450e+01,-4.965846e+00
2.183875e+00,3.339925e+01,4.626713e+01,4.670626e+00
8.746125e+00,3.010975e+01,5.582263e+01,6.877504e+00
2.144750e+00,1.921725e+01,5.558925e+01,7.318296e+00
-7.670000e-01,3.307525e+01,5.248562e+01,1.161127e+01
2.546000e+00,2.991600e+01,5.182587e+01,-4.489216e+00
5.349500e+00,1.845000e+01,5.538950e+01,-8.347195e+00
1.430700e+01,3.767813e+01,6.768913e+01,5.373794e+00
8.463125e-01,3.181694e+01,5.263056e+01,-8.570980e-02
4.984875e+00,3.094075e+01,5.406762e+01,4.953978e+00
2.653250e+00,2.451100e+01,4.335200e+01,5.940202e+00
1.268425e+01,4.025225e+01,6.199137e+01,-4.260597e-01
6.760000e+00,3.284100e+01,5.519900e+01,-4.473245e+00
4.655500e+00,3.703775e+01,5.716900e+01,2.159056e+00
7.477250e+00,3.257800e+01,7.110850e+01,1.133345e-01
9.860250e+00,2.170875e+01,6.063500e+01,1.204792e+00
7.281500e+00,1.781400e+01,5.761450e+01,1.838227e+00
1.361575e+01,3.706413e+01,6.204287e+01,-4.662480e+00
1.229275e+01,4.189675e+01,6.376750e+01,2.584571e-01
4.740000e-01,2.996825e+01,5.166875e+01,-1.246770e+01
3.725000e-02,2.823250e+01,4.760950e+01,5.389395e+00
8.351125e+00,2.477813e+01,5.662925e+01,-1.902950e+00
4.408250e+00,2.949087e+01,4.452587e+01,2.340209e+00
1.442775e+01,4.250475e+01,6.343650e+01,1.135906e+00
4.996000e+00,2.630000e+01,4.525312e+01,5.656882e+00
8.086625e+00,3.163725e+01,7.152412e+01,2.947620e+00
7.390375e+00,2.146681e+01,5.750163e+01,5.259822e+00
1.447175e+01,2.880963e+01,5.407013e+01,-8.768613e+00
-5.354500e+00,2.666650e+01,4.753700e+01,4.798278e+00
1.022875e+01,2.580750e+01,5.872500e+01,-5.626058e+00
9.552500e-01,2.450525e+01,4.409525e+01,6.422758e+00
9.367938e+00,3.675694e+01,7.077894e+01,8.854656e-01
-2.832875e+00,2.669837e+01,4.644675e+01,5.104929e+00
1.342325e+01,4.344350e+01,5.892750e+01,1.298661e+00
1.143025e+01,2.959850e+01,7.136000e+01,9.130700e+00
4.252000e+00,2.316825e+01,5.700012e+01,4.322371e+00
5.945500e+00,2.474000e+01,5.830700e+01,-3.956282e+00
1.005037e+01,2.873600e+01,6.565300e+01,4.134912e+00
1.114500e+00,1.685800e+01,5.545100e+01,7.186237e+00
6.668625e+00,3.161600e+01,6.805525e+01,1.086180e+00
2.818250e+00,3.621525e+01,5.148237e+01,1.363340e+01
1.066462e+01,2.629025e+01,6.765587e+01,4.202265e+00
-5.949000e+00,2.791300e+01,4.886400e+01,8.101222e+00
-4.341375e+00,2.468350e+01,4.874287e+01,3.012514e+00
5.874000e+00,3.044475e+01,5.371850e+01,4.176395e-01
7.591750e+00,3.984525e+01,6.195000e+01,1.176246e+00
7.321000e+00,3.038775e+01,6.633350e+01,1.661209e+00
8.119500e+00,2.709225e+01,5.162525e+01,-7.943595e+00
6.086750e+00,3.660425e+01,6.975450e+01,-9.982426e+00
8.884125e+00,4.291388e+01,5.748613e+01,6.968149e-01
6.227625e+00,4.138850e+01,5.845063e+01,-4.965652e+00
1.295338e+01,2.667587e+01,5.224813e+01,-1.045416e+01
5.424875e+00,2.571375e+01,5.798987e+01,-1.598714e+01
-5.603750e-01,3.314363e+01,5.103675e+01,-1.509725e+00
4.261750e+00,3.775450e+01,5.072025e+01,4.474267e+00
9.837500e+00,2.754437e+01,6.378238e+01,2.055792e+00
5.779500e+00,4.015325e+01,6.072875e+01,-1.496372e+00
1.515275e+01,4.355187e+01,5.972113e+01,2.595533e+00
1.468975e+01,4.432700e+01,6.114588e+01,1.886406e+00
3.517750e+00,2.590225e+01,4.521825e+01,1.153900e+01
-8.395000e-01,2.297800e+01,4.461700e+01,6.400596e+00
7.334750e+00,2.815263e+01,6.153675e+01,-4.339112e+00
5.834125e+00,3.649138e+01,6.810900e+01,-1.226526e+01
8.356750e+00,3.592700e+01,6.482025e+01,-1.475419e+01
1.084038e+01,4.259450e+01,6.119763e+01,1.341682e+00
4.752500e-01,2.673625e+01,4.699150e+01,1.118267e+01
5.225125e+00,3.677338e+01,5.579550e+01,-2.991533e+00
-3.600000e-01,3.194762e+01,5.217762e+01,4.754374e+00
5.204375e+00,2.761025e+01,4.276562e+01,4.444743e+00
-6.870000e-01,2.475775e+01,4.622000e+01,7.004211e+00
2.450000e+00,2.942675e+01,4.740650e+01,-6.095955e+00
1.830525e+01,3.987463e+01,6.386713e+01,9.917334e-01
9.376250e+00,2.733050e+01,5.036350e+01,-1.705505e+01
9.089250e+00,3.363250e+01,5.753875e+01,-2.977999e+00
7.529562e+00,3.502394e+01,7.152719e+01,-8.533976e+00
1.445300e+01,3.800800e+01,6.644700e+01,8.217980e+00
4.825000e+00,3.924400e+01,5.194350e+01,1.287983e+01
1.085850e+01,3.540175e+01,6.347225e+01,2.913771e+00
1.282300e+01,3.003600e+01,7.034075e+01,7.200552e+00
1.231250e+01,3.641950e+01,6.176500e+01,-6.510331e+00
7.397625e+00,4.167512e+01,5.367750e+01,-2.058094e+00
7.145250e+00,3.699813e+01,6.831925e+01,-9.564046e+00
1.867750e+00,3.601950e+01,5.202025e+01,2.999281e+00
4.878375e+00,4.096050e+01,5.230850e+01,8.571304e+00
1.365200e+01,2.981300e+01,5.407850e+01,-1.264335e+01
-5.014312e+00,2.670775e+01,4.978281e+01,1.096660e+01
8.900000e-02,2.686250e+01,5.063325e+01,1.252393e+00
3.890875e+00,3.557738e+01,5.353475e+01,1.085274e+00
4.308500e+00,3.179713e+01,4.452125e+01,1.688529e+00
7.278000e+00,3.594675e+01,5.732425e+01,-2.616532e+00
5.990000e+00,3.338825e+01,7.125575e+01,-1.153034e+01
4.327000e+00,3.679188e+01,6.000150e+01,1.126484e+00
1.089925e+01,3.225825e+01,6.035400e+01,-8.332921e+00
4.508625e+00,2.531312e+01,5.398087e+01,7.077967e-01
5.824625e+00,4.254812e+01,5.531925e+01,-5.250351e+00
1.003925e+01,2.859425e+01,5.641988e+01,-4.800700e+00
1.425525e+01,3.043700e+01,5.326675e+01,-1.478513e+01
1.536475e+01,2.792275e+01,5.280050e+01,-1.154348e+01
1.244700e+01,4.348713e+01,6.436375e+01,7.249155e-01
1.008188e+01,2.535537e+01,6.704538e+01,2.713117e+00
1.541175e+01,3.769862e+01,6.451775e+01,2.860477e-01
5.640125e+00,3.239012e+01,5.480138e+01,-9.149712e-01
9.941000e+00,4.178000e+01,6.038625e+01,1.805774e+00
-2.877250e+00,2.509375e+01,5.046425e+01,3.527591e+00
5.381000e+00,3.940650e+01,6.196250e+01,2.786279e+00
9.610750e+00,2.938300e+01,7.195350e+01,1.380410e+01
6.139250e+00,4.150875e+01,5.265850e+01,1.282857e+01
8.278375e+00,2.838775e+01,6.787775e+01,1.504179e+01
4.660000e+00,1.708225e+01,5.482400e+01,4.226037e+00
8.072750e+00,2.936900e+01,7.175888e+01,1.285557e+01
-3.349500e+00,2.211437e+01,4.823538e+01,-9.530448e+00
7.311750e+00,3.029338e+01,5.285200e+01,-1.194050e+01
9.006375e+00,3.254563e+01,7.102912e+01,6.762238e+00
-8.375000e-01,2.768013e+01,4.783050e+01,7.113888e+00
7.298750e-01,2.325050e+01,5.382375e+01,1.011786e+01
6.581500e+00,3.722425e+01,6.117587e+01,-5.163526e+00
1.305800e+01,3.894800e+01,6.442400e+01,-6.724271e-01
1.770775e+01,4.152250e+01,6.124312e+01,2.112511e+00
1.126500e+01,4.326250e+01,5.526200e+01,-8.194077e+00
1.185925e+01,2.682675e+01,5.106975e+01,-9.879007e+00
1.081125e+01,4.303350e+01,6.025750e+01,4.852098e-01
7.336000e+00,2.355150e+01,6.675175e+01,4.285814e+00
9.461375e+00,4.037300e+01,6.109375e+01,6.543348e-01
8.934500e+00,2.307525e+01,5.819250e+01,1.433505e+00
8.683375e+00,3.776112e+01,6.866763e+01,-6.436380e-01
-1.425000e-01,1.745550e+01,5.566025e+01,8.058019e+00
1.695137e+01,4.248350e+01,6.052550e+01,2.634726e+00
-5.370500e+00,2.567950e+01,4.791750e+01,3.111745e+00
1.245750e+01,3.397550e+01,7.192900e+01,3.126811e+00
-4.016625e+00,3.081687e+01,4.949050e+01,2.667203e+01
-2.026000e+00,2.587225e+01,5.095075e+01,3.000372e+00
8.027125e+00,4.060487e+01,6.092375e+01,2.499957e-03
4.416375e+00,3.051625e+01,4.470050e+01,2.090134e+00
1.131400e+01,3.391112e+01,7.178462e+01,4.102673e+00
1.005513e+01,3.584700e+01,6.412850e+01,-3.962548e+00
1.815150e+01,3.840350e+01,6.547350e+01,-1.008579e+01
6.790875e+00,2.920012e+01,5.188275e+01,-1.510369e+01
1.204200e+01,2.725075e+01,5.579625e+01,-9.267626e+00
6.740250e+00,3.558338e+01,6.732038e+01,-1.309353e+01
9.142500e+00,3.501225e+01,5.756675e+01,-4.751975e+00
7.252750e+00,1.813712e+01,5.896863e+01,2.673921e+00
1.407200e+01,4.274400e+01,5.803000e+01,2.307403e+00
6.850250e+00,2.891463e+01,6.307187e+01,9.784913e+00
1.463012e+01,2.796050e+01,5.075125e+01,-1.373052e+01
1.832550e+01,4.057900e+01,6.247900e+01,2.336972e+00
3.445250e+00,1.999400e+01,5.573425e+01,5.621923e+00
2.346250e+00,2.551050e+01,4.500275e+01,1.205701e+01
-4.924250e+00,2.787575e+01,5.106350e+01,4.743273e+00
6.810500e+00,1.834675e+01,5.564850e+01,-4.567363e-01
7.657250e+00,3.306462e+01,6.510550e+01,-1.408980e+01
1.080688e+01,4.237087e+01,5.663900e+01,-2.066834e+00
6.267000e+00,2.170737e+01,6.451637e+01,-4.185314e-01
1.110375e+01,2.523000e+01,5.173400e+01,-2.357430e+00
8.418000e+00,2.530800e+01,6.282800e+01,1.456107e+00
8.030875e+00,3.092025e+01,5.574863e+01,-3.674471e-01
1.514750e+00,3.543350e+01,5.327788e+01,1.103200e+01
4.859000e+00,2.775212e+01,5.155862e+01,-4.619421e+00
4.122500e+00,2.447675e+01,5.473950e+01,3.568536e+00
1.205325e+01,3.755750e+01,6.015675e+01,-4.074861e+00
6.164625e+00,2.067475e+01,6.179962e+01,-9.944105e+00
5.230750e+00,3.341900e+01,5.502500e+01,-2.163446e-01
9.492750e+00,3.876013e+01,6.120450e+01,-8.231479e-01
-1.373500e+00,1.786625e+01,5.053750e+01,7.412977e+00
6.447125e+00,2.971063e+01,6.879675e+01,3.557937e+00
6.648250e+00,2.450050e+01,6.441400e+01,6.428624e+00
1.274450e+01,4.485225e+01,6.051625e+01,9.010518e-01
7.629000e+00,1.884525e+01,6.026525e+01,5.912814e-01
1.136213e+01,3.100187e+01,7.111288e+01,1.005680e+01
4.227250e+00,2.853075e+01,4.309450e+01,7.844077e+00
7.673375e+00,3.154812e+01,6.426188e+01,-7.182109e-01
7.388000e+00,3.022150e+01,6.307812e+01,3.841721e+00
7.294125e+00,2.927263e+01,7.095513e+01,1.376763e+01
4.086250e+00,3.280300e+01,4.342575e+01,1.211690e+00
5.797500e+00,3.458150e+01,5.519875e+01,-1.256288e+00
1.030650e+01,3.114875e+01,5.060775e+01,-1.851178e+01
-6.847500e-01,2.451825e+01,5.115975e+01,2.324663e+00
5.332000e+00,2.774287e+01,4.539588e+01,4.224571e+00
1.155000e-01,2.927787e+01,4.854125e+01,1.085097e+00
6.067875e+00,3.570512e+01,7.086312e+01,-1.400006e+01
4.341125e+00,3.442387e+01,5.361637e+01,1.462815e+00
8.672875e+00,2.507587e+01,5.765275e+01,-1.733707e+00
1.153900e+01,3.819300e+01,6.471900e+01,-1.390611e+00
7.959625e+00,3.679550e+01,6.705825e+01,-3.181064e+00
1.057450e+01,3.030513e+01,5.315462e+01,-1.281860e+01
1.212625e+00,2.892813e+01,5.133687e+01,-1.520715e+01
1.601600e+01,4.357000e+01,6.123450e+01,2.374915e+00
1.071288e+01,3.541913e+01,7.127925e+01,2.709128e+00
-2.205250e+00,2.743400e+01,5.062713e+01,9.811358e+00
4.265375e+00,2.421400e+01,4.315762e+01,2.162891e+00
3.709125e+00,3.101638e+01,5.282375e+01,-9.724993e-01
8.159063e+00,3.677262e+01,7.033519e+01,-3.114528e+00
6.866500e+00,3.681050e+01,5.990100e+01,-1.003736e+01
1.399750e+00,3.441600e+01,4.904625e+01,6.640945e+00
1.006000e+01,2.153000e+01,5.954300e+01,-3.082516e+00
1.208263e+01,2.549594e+01,5.176694e+01,-5.489251e+00
7.447500e+00,3.715500e+01,6.064125e+01,-6.200319e+00
9.773625e+00,3.049600e+01,5.881850e+01,-3.523140e+00
1.062625e+01,3.811575e+01,6.098150e+01,-2.373649e+00
3.541625e+00,2.497256e+01,4.414000e+01,6.703757e+00
1.561781e+01,3.842588e+01,6.383894e+01,-4.067690e-01
-1.008312e+00,2.098256e+01,4.986975e+01,4.220599e+00
1.070463e+01,2.482625e+01,5.299300e+01,-1.334881e+01
5.978125e+00,2.579312e+01,5.456338e+01,-1.783690e+00
8.299000e+00,3.032150e+01,5.408100e+01,-1.012752e+01
1.138725e+01,2.883400e+01,5.475825e+01,-5.437188e+00
4.203812e+00,3.083469e+01,4.620631e+01,-5.018200e+00
7.376750e+00,2.509712e+01,6.350925e+01,3.219124e+00
5.828375e+00,2.879637e+01,5.173862e+01,-6.832772e+00
-3.783062e+00,2.497544e+01,4.735181e+01,4.072152e+00
4.437750e+00,3.818450e+01,5.790300e+01,-7.425755e-01
9.175313e+00,3.599725e+01,5.813656e+01,-3.540505e+00
1.062706e+01,2.796119e+01,6.704200e+01,5.712010e+00
7.144312e+00,3.081269e+01,7.040100e+01,4.479688e+00
1.304650e+01,2.780025e+01,5.085956e+01,-1.203379e+01
1.172325e+01,3.394750e+01,6.057325e+01,-5.692233e+00
5.699750e+00,2.238600e+01,5.725212e+01,6.800077e+00
1.258125e+00,3.348325e+01,5.321750e+01,3.505897e+00
1.253425e+01,4.325800e+01,5.934950e+01,2.906726e-01
1.060275e+01,2.676375e+01,5.064425e+01,-8.400223e+00
1.116200e+01,3.893263e+01,6.578650e+01,-6.694217e-01
1.356300e+01,3.935887e+01,6.140138e+01,-4.884264e+00
-1.189875e+00,2.644888e+01,4.729600e+01,8.194592e+00
9.379500e+00,3.748125e+01,6.034625e+01,-3.337633e+00
1.102212e+01,3.763206e+01,6.814469e+01,3.186736e+00
5.557375e+00,3.790325e+01,6.186075e+01,-1.006830e-01
3.726500e+00,2.410769e+01,5.323387e+01,8.724701e+00
1.583638e+01,4.021775e+01,6.288925e+01,4.583677e-01
4.048750e+00,3.678850e+01,5.856900e+01,1.077332e+00
1.117775e+01,3.707675e+01,6.325050e+01,-2.788305e+00
6.910750e+00,2.632887e+01,5.230725e+01,3.160313e+00
1.496344e+01,4.142506e+01,6.299394e+01,1.004888e+00
1.664737e+01,4.113519e+01,6.298019e+01,1.549066e+00
9.397500e+00,3.726850e+01,6.962650e+01,7.692682e-01
1.251762e+01,2.852694e+01,5.499794e+01,-9.662992e+00
8.263500e+00,3.563062e+01,5.716025e+01,-1.618589e+00
5.312500e+00,3.826850e+01,4.886400e+01,8.908604e+00
1.233456e+01,3.518425e+01,6.125450e+01,-8.428264e+00
9.016000e+00,2.414800e+01,6.124400e+01,5.684137e-01
1.247100e+01,3.033450e+01,5.096250e+01,-1.353178e+01
1.968500e+00,3.482512e+01,4.819663e+01,1.156204e+01
1.244194e+01,4.173619e+01,5.663550e+01,-7.575380e+00
2.492625e+00,2.372662e+01,5.319213e+01,1.036850e+01
8.600187e+00,3.258662e+01,6.391381e+01,-4.203738e+00
-1.169500e+00,2.186125e+01,4.518575e+01,5.358930e+00
1.124937e+01,3.309025e+01,5.970419e+01,-7.872149e+00
2.695000e-01,3.444000e+01,5.174300e+01,8.911256e-01
4.890250e+00,4.204713e+01,5.713875e+01,-3.155275e-01
7.112500e-02,2.122312e+01,5.518525e+01,6.013352e+00
9.962687e+00,2.899450e+01,5.947719e+01,-5.043834e+00
9.628062e+00,2.189725e+01,5.847687e+01,8.185931e-02
2.444875e+00,2.681887e+01,5.104250e+01,-1.548128e+00
-5.599375e-01,2.847062e+01,5.053000e+01,2.668149e+00
4.754375e+00,3.990850e+01,5.297925e+01,6.805793e+00
2.583750e+00,3.615475e+01,4.802075e+01,5.141068e+00
1.435200e+01,2.738263e+01,5.193506e+01,-1.189820e+01
2.319000e+00,2.730481e+01,4.630881e+01,1.303221e+01
1.253337e+01,2.606962e+01,5.468138e+01,-8.466608e+00
7.424625e+00,2.523000e+01,5.616600e+01,-2.817058e+00
4.013375e+00,3.629144e+01,4.917956e+01,5.707841e+00
1.388700e+01,2.751056e+01,5.335375e+01,-1.071601e+01
6.114375e+00,3.527987e+01,5.609937e+01,-1.440239e+00
4.666000e+00,2.888300e+01,4.532700e+01,-4.777386e+00
1.207850e+01,4.236000e+01,5.824675e+01,-1.348091e+00
2.206812e+00,3.078394e+01,4.762700e+01,-1.608075e+01
1.154037e+01,4.154200e+01,6.205638e+01,2.069483e+00
3.151250e+00,1.666562e+01,5.419938e+01,4.804570e+00
2.084000e+00,3.306200e+01,5.255400e+01,-2.207569e+00
8.075437e+00,3.455419e+01,5.607269e+01,-1.546951e+00
6.101500e+00,2.268900e+01,6.389800e+01,-3.323809e+00
1.048369e+01,3.139825e+01,5.941175e+01,-7.634335e+00
8.565687e+00,2.730700e+01,6.136619e+01,-9.173712e+00
7.173937e+00,2.094537e+01,5.613219e+01,4.166357e+00
1.022450e+01,3.787050e+01,6.548200e+01,-6.254799e+00
7.114250e+00,1.945550e+01,5.553225e+01,-5.558831e-01
-2.171687e+00,2.493625e+01,4.625644e+01,4.577513e+00
-4.587938e+00,3.004413e+01,4.867750e+01,1.792805e+01
1.278675e+01,3.124600e+01,7.093150e+01,4.733583e+00
5.326500e+00,3.985950e+01,5.842050e+01,-3.462924e+00
3.189500e+00,3.292700e+01,4.576675e+01,4.032767e+00
3.587750e+00,2.904413e+01,5.191638e+01,-1.422860e+00
2.161812e+00,3.152581e+01,5.208219e+01,-3.303686e+00
9.884750e+00,4.221462e+01,5.815588e+01,2.880843e-01
6.895750e+00,4.295012e+01,5.486675e+01,-2.578074e+00
8.220500e+00,3.271188e+01,5.587050e+01,1.935186e-01
4.544562e+00,4.153687e+01,5.520012e+01,3.106217e-01
6.850000e-02,1.975806e+01,5.466131e+01,6.615131e+00
4.330813e+00,3.648638e+01,5.255850e+01,1.741078e+00
5.424313e+00,2.640788e+01,5.622413e+01,-1.643960e+01
3.733750e+00,2.972425e+01,4.353500e+01,6.276764e+00
6.265750e+00,4.242150e+01,5.805825e+01,-4.460348e+00
3.992000e+00,3.319750e+01,5.298169e+01,1.445206e+00
1.201450e+01,2.851506e+01,4.934619e+01,-1.547074e+01
1.351819e+01,4.150556e+01,5.620094e+01,-3.820696e-01
7.751500e+00,3.619888e+01,7.129225e+01,-1.845552e+00
1.546069e+01,2.833750e+01,5.154394e+01,-1.392286e+01
7.096000e+00,4.340275e+01,5.648925e+01,-6.374463e-01
7.052875e+00,3.881081e+01,6.206144e+01,-1.247842e+00
1.056819e+01,3.232006e+01,7.125775e+01,8.928256e+00
1.034163e+01,2.765600e+01,6.477700e+01,3.167265e+00
1.226556e+01,3.885213e+01,6.041544e+01,-3.038203e+00
1.489738e+01,4.360938e+01,6.368575e+01,1.403517e+00
4.456250e+00,4.098725e+01,5.641013e+01,1.851083e-01
5.403500e+00,2.600975e+01,4.289150e+01,3.442177e+00
1.265863e+01,2.961388e+01,5.405500e+01,-1.490266e+01
-7.630000e-01,1.893800e+01,5.002500e+01,8.293172e+00
1.082750e+01,4.095925e+01,6.144000e+01,7.828348e+00
-5.810500e+00,2.876638e+01,4.816913e+01,5.495593e+00
9.759000e+00,3.314600e+01,6.246600e+01,-3.405717e+00
1.126231e+01,2.702269e+01,6.599600e+01,4.555757e+00
-3.575000e+00,3.090338e+01,5.046625e+01,1.637184e+01
1.171750e+01,2.487788e+01,5.500163e+01,-8.757826e+00
3.919125e+00,1.814288e+01,5.456525e+01,4.714521e+00
4.593938e+00,3.850981e+01,5.480769e+01,-1.112272e+01
9.546500e+00,2.733075e+01,6.803006e+01,7.621246e+00
-1.942875e+00,2.013150e+01,4.862850e+01,2.384379e+00
9.000375e+00,3.012138e+01,4.943688e+01,-2.176225e+01
3.543125e-01,2.274969e+01,5.492681e+01,1.330365e+01
-3.260000e+00,2.639637e+01,5.098650e+01,3.619816e+00
1.374400e+01,3.848200e+01,6.358550e+01,-1.584268e+00
8.509500e+00,3.891050e+01,6.184225e+01,-8.616265e-03
1.616250e+00,3.354775e+01,4.805325e+01,9.565623e+00
1.323894e+01,3.553262e+01,6.900825e+01,6.680016e+00
1.430150e+01,3.883850e+01,6.261750e+01,-2.172187e+00
1.623613e+01,3.615913e+01,6.859162e+01,4.789677e+00
8.042250e+00,1.881619e+01,5.675769e+01,1.476986e-01
1.135250e+01,4.414881e+01,6.123631e+01,4.769268e-01
1.170888e+01,3.683487e+01,6.853975e+01,5.857378e+00
-1.768188e+00,2.345338e+01,5.050163e+01,4.852185e+00
9.046937e+00,2.467563e+01,6.437875e+01,5.252908e+00
7.284750e+00,3.607400e+01,5.860025e+01,-4.492033e+00
1.059884e+01,2.573041e+01,5.636013e+01,-1.149725e+01
1.284800e+01,4.101600e+01,6.325400e+01,-7.867924e-02
-1.233188e+00,2.992894e+01,5.061119e+01,6.464494e+00
1.160275e+01,4.509975e+01,6.336950e+01,6.143410e-01
1.085669e+01,2.735656e+01,5.640975e+01,-7.549484e+00
-4.751812e+00,2.963441e+01,5.026697e+01,1.825033e+01
7.033125e-01,2.503612e+01,4.541769e+01,7.483462e+00
3.695500e+00,2.867381e+01,4.643119e+01,9.129050e-01
7.719125e+00,2.916913e+01,6.702206e+01,5.808001e+00
5.816250e+00,3.581125e+01,5.694325e+01,1.587967e+00
1.016656e+01,3.398150e+01,7.120162e+01,6.734264e+00
1.357225e+01,3.990613e+01,6.270550e+01,-1.218237e+00
6.184125e+00,3.291575e+01,7.005119e+01,-9.079145e+00
-2.766438e+00,2.373631e+01,4.725500e+01,3.869965e+00
-3.376188e+00,3.051619e+01,4.808825e+01,2.778159e+01
7.874750e+00,1.993225e+01,6.127450e+01,1.199058e+00
4.729750e+00,3.794275e+01,5.214900e+01,2.580509e+00
1.215369e+01,2.518175e+01,5.313338e+01,-7.761701e+00
8.194375e+00,2.699638e+01,6.864725e+01,1.051955e+01
5.279875e+00,3.442925e+01,7.015200e+01,-1.765131e+01
6.451375e+00,3.467188e+01,6.786069e+01,-1.222748e+01
9.013500e+00,2.612100e+01,6.180763e+01,-4.093593e-01
7.443000e+00,2.475900e+01,6.901750e+01,3.283329e+00
9.460938e+00,3.027056e+01,6.006356e+01,-5.905744e+00
6.285000e-01,2.148112e+01,5.211512e+01,5.394479e+00
8.934375e+00,2.504937e+01,6.716012e+01,4.073251e+00
1.551619e+01,2.989369e+01,5.245363e+01,-1.308503e+01
1.051400e+01,2.322425e+01,6.029025e+01,-4.810339e+00
-4.386562e+00,2.766531e+01,4.675781e+01,6.056442e+00
1.334225e+01,4.436800e+01,6.419400e+01,1.044340e+00
4.115500e+00,2.436759e+01,5.661881e+01,1.757497e+00
1.099887e+01,2.763575e+01,4.962475e+01,-1.660529e+01
8.995188e+00,2.022469e+01,5.863813e+01,-1.212512e+01
6.475000e-02,2.272006e+01,5.087888e+01,5.110132e+00
1.062087e+01,3.534025e+01,5.833575e+01,-9.999273e+00
8.618000e+00,2.135725e+01,6.086000e+01,6.663869e-01
1.493084e+01,2.981769e+01,5.100756e+01,-1.206436e+01
-1.809500e+00,3.086175e+01,5.030975e+01,7.768917e+00
3.779250e+00,3.822475e+01,5.995650e+01,9.253711e-01
1.013450e+01,3.236763e+01,5.829925e+01,-6.650690e+00
3.272125e+00,3.215875e+01,4.668625e+01,5.171362e+00
-3.329438e+00,2.885962e+01,5.095125e+01,1.989342e+01
1.255300e+01,3.985550e+01,6.516825e+01,4.875409e-02
9.493750e-01,3.131287e+01,4.888750e+01,5.031969e-01
5.164187e+00,3.902387e+01,5.669175e+01,-3.404973e+00
1.144037e+01,3.602175e+01,6.981069e+01,5.053957e+00
8.139688e+00,2.439894e+01,6.229769e+01,1.457647e-01
1.154103e+01,3.034237e+01,4.957194e+01,-2.342164e+01
1.068169e+01,2.854975e+01,5.756556e+01,-1.014820e+01
8.081063e+00,2.418719e+01,6.542166e+01,4.567147e+00
1.422106e+01,3.828716e+01,6.548984e+01,1.345042e+00
-3.437500e-01,1.879150e+01,5.263400e+01,9.349235e+00
-5.958750e-01,3.164994e+01,5.045963e+01,1.015655e+01
8.304000e+00,2.337450e+01,6.156350e+01,7.681058e-02
7.872500e+00,2.590250e+01,7.017175e+01,7.188725e+00
9.570500e+00,3.013406e+01,5.345437e+01,-1.020061e+01
5.437563e+00,2.977878e+01,5.230350e+01,-2.192971e+00
-1.821000e+00,2.259050e+01,4.717350e+01,3.947825e+00
8.107000e+00,2.413600e+01,5.938000e+01,5.093438e-01
-6.706875e-01,2.574828e+01,5.073416e+01,8.995066e-01
3.004625e+00,3.431069e+01,5.298131e+01,7.910107e-01
7.947313e+00,2.943725e+01,6.482081e+01,2.168155e+00
8.477937e+00,2.866650e+01,4.965462e+01,-1.609987e+01
9.790312e+00,2.603731e+01,5.184587e+01,-4.263138e+00
1.127269e+01,3.688456e+01,5.923838e+01,-3.630303e+00
3.968750e+00,4.029012e+01,5.428825e+01,1.095888e+01
2.918000e+00,2.271631e+01,5.569688e+01,2.231200e+00
7.789438e+00,2.932956e+01,5.126306e+01,-2.437303e+01
3.781750e+00,2.658738e+01,5.064925e+01,-2.736068e+00
9.132875e+00,3.556875e+01,7.177662e+01,9.310266e-01
4.171312e+00,2.120100e+01,5.569194e+01,3.337808e+00
2.554563e+00,2.326438e+01,5.429381e+01,3.272219e+00
-2.060250e+00,3.009906e+01,4.798319e+01,2.906855e+01
1.659147e+01,3.918488e+01,6.403303e+01,3.059799e-01
1.244444e+01,3.067800e+01,5.228097e+01,-9.273687e+00
9.302969e+00,3.454528e+01,6.463341e+01,-2.112796e+00
4.638750e+00,2.483356e+01,5.200756e+01,6.377527e+00
1.553325e+01,4.239675e+01,5.756550e+01,1.264328e+01
8.929875e+00,3.118737e+01,5.737712e+01,-1.562949e+00
9.575000e+00,3.158150e+01,6.132950e+01,-9.305965e+00
7.078406e+00,4.143644e+01,5.969356e+01,-6.803647e+00
1.438200e+01,3.063056e+01,5.193950e+01,-6.897277e+00
6.964688e+00,2.328594e+01,5.908400e+01,4.929428e-01
7.125750e+00,2.258537e+01,6.102556e+01,-5.915610e-01
1.608500e+01,3.727500e+01,6.515025e+01,-4.077331e-01
1.293900e+01,2.927600e+01,5.038000e+01,-1.407974e+01
-7.384322e-03,2.575941e+01,4.652755e+01,2.014542e+01
5.538000e+00,2.197250e+01,6.150050e+01,-9.255836e+00
7.199500e+00,2.230000e+01,5.821712e+01,5.592364e+00
8.205276e+00,2.530207e+01,5.386656e+01,-3.204051e+00
